{
  "name": "perfect-scrollbar",
  "title": "perfect-scrollbar",
  "description": "Tiny but perfect jquery scrollbar plugin.",
  "version": "0.2.5",
  "author": {
    "name": "HyeonJe Jun",
    "email": "noraesae@yuiazu.net",
    "url": "https://github.com/noraesae/"
  },
  "licenses": [
    {
      "type": "MIT",
      "url": "https://github.com/noraesae/perfect-scrollbar#license"
    }
  ],
  "dependencies": {
    "jquery": ">=1.8"
  },
  "keywords": [
    "ui",
    "scroll",
    "scrollbar"
  ],
  "homepage": "http://noraesae.github.com/perfect-scrollbar/",
  "docs": "https://github.com/noraesae/perfect-scrollbar/",
  "download": "http://noraesae.github.com/perfect-scrollbar/",
  "demo": "http://noraesae.github.com/perfect-scrollbar/",
  "bugs": "https://github.com/noraesae/perfect-scrollbar/issues/",
  "maintainers": [
    {
      "name": "HyeonJe Jun",
      "email": "noraesae@yuiazu.net",
      "url": "https://github.com/noraesae/"
    }
  ]
}
